http://www.ricehospital.com/event/,/classes-events/
https://www.ricehospital.com/event/,/classes-events/
http://www.ricehospital.com/events/,/classes-events/
https://www.ricehospital.com/events/,/classes-events/
http://redwoodareahospital.org/event/,/classes-events/
https://redwoodareahospital.org/event/,/classes-events/
http://redwoodareahospital.org/events/,/classes-events/
https://redwoodareahospital.org/events/,/classes-events/
https://www.ricehospital.com/wellness-resources/support-groups/,/classes-events/
https://www.ricehospital.com/contact/,/contact-us/
https://redwoodareahospital.org/category/,/blog/
http://ricehospice.com/tag/,/blog/
https://www.ricehospital.com/blog/author/,/blog/
https://www.ricehospital.com/blog/category/,/blog/
https://www.ricehospital.com/blog/tag/,/blog/
http://discoveracmc.com/author/,/blog/
http://discoveracmc.com/category/,/blog/
http://discoveracmc.com/tag/,/blog/
https://www.ricehospital.com/blog/nursery/,/blog/
https://www.ricehospital.com/care-services/birth-suites/planning-for-baby/,/services/birthing-services/carris-health-rice-memorial-hospital-birthing-services/
http://discoveracmc.com/wp-content/uploads/,/
https://www.ricehospital.com/wp-content/,/
